{"stats":{"minecraft:used":{"minecraft:birch_log":1},"minecraft:killed":{"minecraft:cow":1},"minecraft:picked_up":{"minecraft:birch_log":1,"minecraft:beef":3,"minecraft:leather":2,"minecraft:birch_sapling":1},"minecraft:mined":{"minecraft:birch_log":1,"minecraft:birch_leaves":2},"minecraft:custom":{"minecraft:time_since_rest":2553,"minecraft:damage_dealt":100,"minecraft:play_time":2553,"minecraft:leave_game":2,"minecraft:sprint_one_cm":55,"minecraft:time_since_death":2553,"minecraft:walk_one_cm":908,"minecraft:sneak_time":249,"minecraft:total_world_time":2553,"minecraft:mob_kills":1,"minecraft:fall_one_cm":209,"minecraft:fly_one_cm":42606,"minecraft:jump":6}},"DataVersion":2975}